create schema project;
use project;


create table student(student_id int primary key auto_increment,
                     student_name varchar(25) not null,
                     gender enum('male','female','prefer not say')not null,
                     DOB date not null,
                     department enum('CSE','ECE','MECH','AIDS','EEE','CIVIL','IT')not null,
                     admission_date date not null,
                     email varchar(50) unique not null,
                     phone_number varchar(10) unique ,check(phone_number regexp '^[0-9]{10}$'));
INSERT INTO student 
(student_name, gender, DOB, department, admission_date, email, phone_number) VALUES
('Karthik S','male','2004-03-11','CSE','2023-06-01','karthik2@mtrcollege.com','9876543215'),
('Divya M','female','2005-01-22','CSE','2024-06-01','divya2@mtrcollege.com','9876543216'),
('Ajay V','male','2003-08-14','CSE','2025-06-01','ajay2@mtrcollege.com','9876543217'),
('Meena K','female','2004-09-19','CSE','2026-06-01','meena2@mtrcollege.com','9876543218'),
('Rohit G','male','2005-04-10','CSE','2023-06-01','rohit2@mtrcollege.com','9876543219'),
('Anitha P','female','2004-12-05','CSE','2024-06-01','anitha2@mtrcollege.com','9876543220'),
('Sanjay R','male','2003-06-18','CSE','2025-06-01','sanjay2@mtrcollege.com','9876543221'),
('Lavanya T','female','2005-02-25','CSE','2026-06-01','lavanya2@mtrcollege.com','9876543222'),
('Prakash N','male','2004-07-30','CSE','2023-06-01','prakash2@mtrcollege.com','9876543223'),
('Nisha A','female','2005-03-15','CSE','2024-06-01','nisha2@mtrcollege.com','9876543224'),
('Gokul D','male','2003-10-09','CSE','2025-06-01','gokul2@mtrcollege.com','9876543225'),
('Keerthana L','female','2004-11-28','CSE','2026-06-01','keerthana2@mtrcollege.com','9876543226'),
('Manoj B','male','2005-05-17','CSE','2023-06-01','manoj2@mtrcollege.com','9876543227'),
('Pooja S','female','2004-01-08','CSE','2024-06-01','pooja2@mtrcollege.com','9876543228'),
('Aravind H','male','2003-09-23','CSE','2025-06-01','aravind2@mtrcollege.com','9876543229'),
('Shalini R','female','2005-07-12','CSE','2026-06-01','shalini2@mtrcollege.com','9876543230'),
('Vimal K','male','2004-02-21','CSE','2023-06-01','vimal2@mtrcollege.com','9876543231'),
('Deepika N','female','2003-12-30','CSE','2024-06-01','deepika2@mtrcollege.com','9876543232'),
('Surya P','male','2005-06-14','CSE','2025-06-01','surya2@mtrcollege.com','9876543233'),
('Reshma T','female','2004-04-18','CSE','2026-06-01','reshma2@mtrcollege.com','9876543234'),
('Hari V','male','2003-11-03','CSE','2023-06-01','hari2@mtrcollege.com','9876543235'),
('Bhavya K','female','2005-08-26','CSE','2024-06-01','bhavya2@mtrcollege.com','9876543236'),
('Lokesh R','male','2004-06-07','CSE','2025-06-01','lokesh2@mtrcollege.com','9876543237'),
('Swathi M','female','2003-05-29','CSE','2026-06-01','swathi2@mtrcollege.com','9876543238'),
('Yogesh T','male','2005-09-11','CSE','2023-06-01','yogesh2@mtrcollege.com','9876543239'),
('Arjun R','male','2004-02-14','ECE','2023-06-01','arjun1@mtrcollege.com','9876543240'),
('Kavya S','female','2005-06-22','ECE','2024-06-01','kavya1@mtrcollege.com','9876543241'),
('Ramesh P','male','2003-09-18','ECE','2025-06-01','ramesh1@mtrcollege.com','9876543242'),
('Sneha L','female','2004-11-09','ECE','2026-06-01','sneha2@mtrcollege.com','9876543243'),
('Vikram T','male','2005-03-27','ECE','2023-06-01','vikram1@mtrcollege.com','9876543244'),
('Divya R','female','2004-08-12','ECE','2024-06-01','divya3@mtrcollege.com','9876543245'),
('Kiran M','male','2003-05-16','ECE','2025-06-01','kiran1@mtrcollege.com','9876543246'),
('Anjali P','female','2005-01-30','ECE','2026-06-01','anjali1@mtrcollege.com','9876543247'),
('Harish K','male','2004-07-19','ECE','2023-06-01','harish1@mtrcollege.com','9876543248'),
('Megha N','female','2005-04-04','ECE','2024-06-01','megha1@mtrcollege.com','9876543249'),
('Sathish V','male','2003-10-11','ECE','2025-06-01','sathish1@mtrcollege.com','9876543250'),
('Nandhini T','female','2004-12-21','ECE','2026-06-01','nandhini1@mtrcollege.com','9876543251'),
('Praveen G','male','2005-02-07','ECE','2023-06-01','praveen1@mtrcollege.com','9876543252'),
('Keerthi R','female','2004-06-15','ECE','2024-06-01','keerthi1@mtrcollege.com','9876543253'),
('Manikandan S','male','2003-08-25','ECE','2025-06-01','manikandan1@mtrcollege.com','9876543254'),
('Deepa K','female','2005-09-10','ECE','2026-06-01','deepa1@mtrcollege.com','9876543255'),
('Lokesh P','male','2004-01-13','ECE','2023-06-01','lokesh1@mtrcollege.com','9876543256'),
('Swetha M','female','2003-12-05','ECE','2024-06-01','swetha1@mtrcollege.com','9876543257'),
('Aravind R','male','2005-07-17','ECE','2025-06-01','aravind1@mtrcollege.com','9876543258'),
('Pavithra L','female','2004-03-08','ECE','2026-06-01','pavithra1@mtrcollege.com','9876543259'),
('Suresh D','male','2003-11-20','ECE','2023-06-01','suresh1@mtrcollege.com','9876543260'),
('Bhavani T','female','2005-05-14','ECE','2024-06-01','bhavani1@mtrcollege.com','9876543261'),
('Yogesh K','male','2004-09-29','ECE','2025-06-01','yogesh1@mtrcollege.com','9876543262'),
('Revathi N','female','2003-06-02','ECE','2026-06-01','revathi1@mtrcollege.com','9876543263'),
('Dinesh V','male','2005-08-23','ECE','2023-06-01','dinesh1@mtrcollege.com','9876543264'),
('Shalini P','female','2004-04-17','ECE','2024-06-01','shalini3@mtrcollege.com','9876543265'),
('Ganesh R','male','2003-07-26','ECE','2025-06-01','ganesh1@mtrcollege.com','9876543266'),
('Madhavi S','female','2005-10-01','ECE','2026-06-01','madhavi1@mtrcollege.com','9876543267'),
('Rohith K','male','2004-02-05','ECE','2023-06-01','rohith1@mtrcollege.com','9876543268'),
('Lakshmi V','female','2003-09-13','ECE','2024-06-01','lakshmi1@mtrcollege.com','9876543269'),
('Sanjay K','male','2004-01-12','MECH','2023-06-01','sanjay_m1@mtrcollege.com','9876543270'),
('Anitha R','female','2005-03-25','MECH','2024-06-01','anitha_m1@mtrcollege.com','9876543271'),
('Prakash V','male','2003-07-18','MECH','2025-06-01','prakash_m1@mtrcollege.com','9876543272'),
('Keerthana S','female','2004-09-09','MECH','2026-06-01','keerthana_m1@mtrcollege.com','9876543273'),
('Vimal P','male','2005-05-14','MECH','2023-06-01','vimal_m1@mtrcollege.com','9876543274'),
('Divya K','female','2004-02-28','MECH','2024-06-01','divya_m1@mtrcollege.com','9876543275'),
('Arun T','male','2003-11-06','MECH','2025-06-01','arun_m1@mtrcollege.com','9876543276'),
('Lavanya R','female','2005-08-19','MECH','2026-06-01','lavanya_m1@mtrcollege.com','9876543277'),
('Manoj S','male','2004-04-03','MECH','2023-06-01','manoj_m1@mtrcollege.com','9876543278'),
('Nisha P','female','2003-12-22','MECH','2024-06-01','nisha_m1@mtrcollege.com','9876543279'),
('Karthik D','male','2005-06-17','MECH','2025-06-01','karthik_m1@mtrcollege.com','9876543280'),
('Swathi M','female','2004-10-10','MECH','2026-06-01','swathi_m1@mtrcollege.com','9876543281'),
('Ramesh L','male','2003-09-01','MECH','2023-06-01','ramesh_m1@mtrcollege.com','9876543282'),
('Pavithra G','female','2005-02-11','MECH','2024-06-01','pavithra_m1@mtrcollege.com','9876543283'),
('Gokul N','male','2004-07-23','MECH','2025-06-01','gokul_m1@mtrcollege.com','9876543284'),
('Meena V','female','2003-05-30','MECH','2026-06-01','meena_m1@mtrcollege.com','9876543285'),
('Suresh R','male','2005-01-16','MECH','2023-06-01','suresh_m1@mtrcollege.com','9876543286'),
('Deepika S','female','2004-03-08','MECH','2024-06-01','deepika_m1@mtrcollege.com','9876543287'),
('Hari K','male','2003-08-27','MECH','2025-06-01','hari_m1@mtrcollege.com','9876543288'),
('Bhavya T','female','2005-09-04','MECH','2026-06-01','bhavya_m1@mtrcollege.com','9876543289'),
('Lokesh P','male','2004-06-15','MECH','2023-06-01','lokesh_m1@mtrcollege.com','9876543290'),
('Anjali D','female','2003-10-18','MECH','2024-06-01','anjali_m1@mtrcollege.com','9876543291'),
('Vignesh R','male','2005-04-22','MECH','2025-06-01','vignesh_m1@mtrcollege.com','9876543292'),
('Revathi K','female','2004-11-29','MECH','2026-06-01','revathi_m1@mtrcollege.com','9876543293'),
('Dinesh S','male','2003-07-07','MECH','2023-06-01','dinesh_m1@mtrcollege.com','9876543294'),
('Shalini V','female','2005-08-12','MECH','2024-06-01','shalini_m1@mtrcollege.com','9876543295'),
('Ganesh M','male','2004-02-19','MECH','2025-06-01','ganesh_m1@mtrcollege.com','9876543296'),
('Madhavi R','female','2003-12-03','MECH','2026-06-01','madhavi_m1@mtrcollege.com','9876543297'),
('Rohit P','male','2005-06-09','MECH','2023-06-01','rohit_m1@mtrcollege.com','9876543298'),
('Lakshmi S','female','2004-01-27','MECH','2024-06-01','lakshmi_m1@mtrcollege.com','9876543299'),
('Aditya K','male','2004-03-15','AIDS','2023-06-01','aditya_a1@mtrcollege.com','9876543300'),
('Nivetha R','female','2005-07-21','AIDS','2024-06-01','nivetha_a1@mtrcollege.com','9876543301'),
('Kishore V','male','2003-09-11','AIDS','2025-06-01','kishore_a1@mtrcollege.com','9876543302'),
('Harini S','female','2004-11-02','AIDS','2026-06-01','harini_a1@mtrcollege.com','9876543303'),
('Ragul P','male','2005-02-18','AIDS','2023-06-01','ragul_a1@mtrcollege.com','9876543304'),
('Janani M','female','2004-08-30','AIDS','2024-06-01','janani_a1@mtrcollege.com','9876543305'),
('Mohan D','male','2003-06-25','AIDS','2025-06-01','mohan_a1@mtrcollege.com','9876543306'),
('Swetha L','female','2005-01-10','AIDS','2026-06-01','swetha_a1@mtrcollege.com','9876543307'),
('Vasanth R','male','2004-05-09','AIDS','2023-06-01','vasanth_a1@mtrcollege.com','9876543308'),
('Preethi K','female','2003-12-17','AIDS','2024-06-01','preethi_a1@mtrcollege.com','9876543309'),
('Naveen S','male','2005-04-12','AIDS','2025-06-01','naveen_a1@mtrcollege.com','9876543310'),
('Gayathri P','female','2004-10-28','AIDS','2026-06-01','gayathri_a1@mtrcollege.com','9876543311'),
('Sriram V','male','2003-08-05','AIDS','2023-06-01','sriram_a1@mtrcollege.com','9876543312'),
('Divya N','female','2005-06-19','AIDS','2024-06-01','divya_a2@mtrcollege.com','9876543313'),
('Karthikeyan T','male','2004-02-07','AIDS','2025-06-01','karthikeyan_a1@mtrcollege.com','9876543314'),
('Anusha R','female','2003-11-23','AIDS','2026-06-01','anusha_a1@mtrcollege.com','9876543315'),
('Pranav G','male','2005-09-14','AIDS','2023-06-01','pranav_a1@mtrcollege.com','9876543316'),
('Reshmi S','female','2004-04-01','AIDS','2024-06-01','reshmi_a1@mtrcollege.com','9876543317'),
('Lokith M','male','2003-07-27','AIDS','2025-06-01','lokith_a1@mtrcollege.com','9876543318'),
('Meghana K','female','2005-03-03','AIDS','2026-06-01','meghana_a1@mtrcollege.com','9876543319'),
('Vikash P','male','2004-06-20','AIDS','2023-06-01','vikash_a1@mtrcollege.com','9876543320'),
('Sharmila T','female','2003-10-16','AIDS','2024-06-01','sharmila_a1@mtrcollege.com','9876543321'),
('Arav R','male','2005-01-29','AIDS','2025-06-01','arav_a1@mtrcollege.com','9876543322'),
('Lavanya G','female','2004-09-08','AIDS','2026-06-01','lavanya_a2@mtrcollege.com','9876543323'),
('Dharshan V','male','2003-12-09','AIDS','2023-06-01','dharshan_a1@mtrcollege.com','9876543324'),
('Pavithra S','female','2005-05-11','AIDS','2024-06-01','pavithra_a2@mtrcollege.com','9876543325'),
('Sathvik R','male','2004-07-13','AIDS','2025-06-01','sathvik_a1@mtrcollege.com','9876543326'),
('Nandhitha L','female','2003-06-06','AIDS','2026-06-01','nandhitha_a1@mtrcollege.com','9876543327'),
('Kavin P','male','2005-08-22','AIDS','2023-06-01','kavin_a1@mtrcollege.com','9876543328'),
('Bhavani R','female','2004-02-24','AIDS','2024-06-01','bhavani_a2@mtrcollege.com','9876543329'),
('Arun Prasad','male','2004-02-10','EEE','2023-06-01','arun_e1@mtrcollege.com','9876543330'),
('Divya Shree','female','2005-06-14','EEE','2024-06-01','divya_e1@mtrcollege.com','9876543331'),
('Karthik Raja','male','2003-09-03','EEE','2025-06-01','karthik_e1@mtrcollege.com','9876543332'),
('Meena Lakshmi','female','2004-11-25','EEE','2026-06-01','meena_e1@mtrcollege.com','9876543333'),
('Vignesh Kumar','male','2005-03-18','EEE','2023-06-01','vignesh_e1@mtrcollege.com','9876543334'),
('Anjali Devi','female','2004-07-09','EEE','2024-06-01','anjali_e1@mtrcollege.com','9876543335'),
('Sathish Kumar','male','2003-05-27','EEE','2025-06-01','sathish_e1@mtrcollege.com','9876543336'),
('Nivetha Priya','female','2005-01-12','EEE','2026-06-01','nivetha_e1@mtrcollege.com','9876543337'),
('Rohit Sharma','male','2004-04-04','EEE','2023-06-01','rohit_e1@mtrcollege.com','9876543338'),
('Lavanya Devi','female','2003-12-30','EEE','2024-06-01','lavanya_e1@mtrcollege.com','9876543339'),
('Prakash Raj','male','2005-06-06','EEE','2025-06-01','prakash_e1@mtrcollege.com','9876543340'),
('Keerthana Devi','female','2004-10-17','EEE','2026-06-01','keerthana_e1@mtrcollege.com','9876543341'),
('Manoj Kumar','male','2003-08-19','EEE','2023-06-01','manoj_e1@mtrcollege.com','9876543342'),
('Pavithra R','female','2005-02-28','EEE','2024-06-01','pavithra_e1@mtrcollege.com','9876543343'),
('Gokul Krishna','male','2004-07-07','EEE','2025-06-01','gokul_e1@mtrcollege.com','9876543344'),
('Shalini Priya','female','2003-11-11','EEE','2026-06-01','shalini_e1@mtrcollege.com','9876543345'),
('Hari Haran','male','2005-09-09','EEE','2023-06-01','hari_e1@mtrcollege.com','9876543346'),
('Bhavya Lakshmi','female','2004-03-21','EEE','2024-06-01','bhavya_e1@mtrcollege.com','9876543347'),
('Lokeshwaran','male','2003-06-16','EEE','2025-06-01','lokesh_e1@mtrcollege.com','9876543348'),
('Anusha Devi','female','2005-04-13','EEE','2026-06-01','anusha_e1@mtrcollege.com','9876543349'),
('Dinesh Kumar','male','2004-01-19','EEE','2023-06-01','dinesh_e1@mtrcollege.com','9876543350'),
('Swetha Priya','female','2003-10-05','EEE','2024-06-01','swetha_e1@mtrcollege.com','9876543351'),
('Vikram Raj','male','2005-07-23','EEE','2025-06-01','vikram_e1@mtrcollege.com','9876543352'),
('Revathi Shree','female','2004-09-29','EEE','2026-06-01','revathi_e1@mtrcollege.com','9876543353'),
('Ganesh Kumar','male','2003-12-02','EEE','2023-06-01','ganesh_e1@mtrcollege.com','9876543354'),
('Madhumitha','female','2005-05-15','EEE','2024-06-01','madhu_e1@mtrcollege.com','9876543355'),
('Suresh Babu','male','2004-06-11','EEE','2025-06-01','suresh_e1@mtrcollege.com','9876543356'),
('Kavitha R','female','2003-08-08','EEE','2026-06-01','kavitha_e1@mtrcollege.com','9876543357'),
('Aravind Kumar','male','2005-01-25','EEE','2023-06-01','aravind_e1@mtrcollege.com','9876543358'),
('Deepika Shree','female','2004-02-17','EEE','2024-06-01','deepika_e1@mtrcollege.com','9876543359'),
('Arun Raj','male','2004-01-15','CIVIL','2023-06-01','arun_c1@mtrcollege.com','9876543360'),
('Divya Lakshmi','female','2005-03-19','CIVIL','2024-06-01','divya_c1@mtrcollege.com','9876543361'),
('Karthi Selvan','male','2003-07-22','CIVIL','2025-06-01','karthi_c1@mtrcollege.com','9876543362'),
('Meenakshi R','female','2004-11-04','CIVIL','2026-06-01','meenakshi_c1@mtrcollege.com','9876543363'),
('Vimal Raj','male','2005-05-28','CIVIL','2023-06-01','vimal_c1@mtrcollege.com','9876543364'),
('Anitha Devi','female','2004-02-13','CIVIL','2024-06-01','anitha_c1@mtrcollege.com','9876543365'),
('Sathish Kumar','male','2003-09-30','CIVIL','2025-06-01','sathish_c1@mtrcollege.com','9876543366'),
('Nandhini R','female','2005-01-06','CIVIL','2026-06-01','nandhini_c1@mtrcollege.com','9876543367'),
('Praveen K','male','2004-04-18','CIVIL','2023-06-01','praveen_c1@mtrcollege.com','9876543368'),
('Swathi S','female','2003-12-27','CIVIL','2024-06-01','swathi_c1@mtrcollege.com','9876543369'),
('Rohith P','male','2005-06-14','CIVIL','2025-06-01','rohith_c1@mtrcollege.com','9876543370'),
('Keerthana L','female','2004-10-09','CIVIL','2026-06-01','keerthana_c1@mtrcollege.com','9876543371'),
('Manoj Kumar','male','2003-08-03','CIVIL','2023-06-01','manoj_c1@mtrcollege.com','9876543372'),
('Pavithra Devi','female','2005-02-21','CIVIL','2024-06-01','pavithra_c1@mtrcollege.com','9876543373'),
('Gokul Raj','male','2004-07-12','CIVIL','2025-06-01','gokul_c1@mtrcollege.com','9876543374'),
('Shalini M','female','2003-11-16','CIVIL','2026-06-01','shalini_c1@mtrcollege.com','9876543375'),
('Hari Prasad','male','2005-09-02','CIVIL','2023-06-01','hari_c1@mtrcollege.com','9876543376'),
('Bhavya R','female','2004-03-26','CIVIL','2024-06-01','bhavya_c1@mtrcollege.com','9876543377'),
('Lokesh Kumar','male','2003-06-20','CIVIL','2025-06-01','lokesh_c1@mtrcollege.com','9876543378'),
('Anusha S','female','2005-04-11','CIVIL','2026-06-01','anusha_c1@mtrcollege.com','9876543379'),
('Dinesh Raj','male','2004-01-08','CIVIL','2023-06-01','dinesh_c1@mtrcollege.com','9876543380'),
('Swetha Devi','female','2003-10-14','CIVIL','2024-06-01','swetha_c1@mtrcollege.com','9876543381'),
('Vikram Kumar','male','2005-07-07','CIVIL','2025-06-01','vikram_c1@mtrcollege.com','9876543382'),
('Revathi R','female','2004-09-18','CIVIL','2026-06-01','revathi_c1@mtrcollege.com','9876543383'),
('Ganesh P','male','2003-12-24','CIVIL','2023-06-01','ganesh_c1@mtrcollege.com','9876543384'),
('Madhumitha S','female','2005-05-09','CIVIL','2024-06-01','madhu_c1@mtrcollege.com','9876543385'),
('Suresh Kumar','male','2004-06-02','CIVIL','2025-06-01','suresh_c1@mtrcollege.com','9876543386'),
('Kavitha Devi','female','2003-08-29','CIVIL','2026-06-01','kavitha_c1@mtrcollege.com','9876543387'),
('Aravind Raj','male','2005-01-19','CIVIL','2023-06-01','aravind_c1@mtrcollege.com','9876543388'),
('Deepika R','female','2004-02-23','CIVIL','2024-06-01','deepika_c1@mtrcollege.com','9876543389'),
('Arun Kumar','male','2004-03-12','IT','2023-06-01','arun_it1@mtrcollege.com','9876543390'),
('Priyanka R','female','2005-07-18','IT','2024-06-01','priyanka_it1@mtrcollege.com','9876543391'),
('Karthik S','male','2003-09-25','IT','2025-06-01','karthik_it1@mtrcollege.com','9876543392'),
('Meena L','female','2004-11-06','IT','2026-06-01','meena_it1@mtrcollege.com','9876543393'),
('Vignesh P','male','2005-05-14','IT','2023-06-01','vignesh_it1@mtrcollege.com','9876543394'),
('Divya M','female','2004-02-27','IT','2024-06-01','divya_it1@mtrcollege.com','9876543395'),
('Rahul T','male','2003-08-19','IT','2025-06-01','rahul_it1@mtrcollege.com','9876543396'),
('Sneha K','female','2005-01-09','IT','2026-06-01','sneha_it1@mtrcollege.com','9876543397'),
('Prakash R','male','2004-04-04','IT','2023-06-01','prakash_it1@mtrcollege.com','9876543398'),
('Anitha S','female','2003-12-22','IT','2024-06-01','anitha_it1@mtrcollege.com','9876543399'),
('Sanjay V','male','2005-06-17','IT','2025-06-01','sanjay_it1@mtrcollege.com','9876543400'),
('Lavanya P','female','2004-10-15','IT','2026-06-01','lavanya_it1@mtrcollege.com','9876543401'),
('Gokul D','male','2003-07-30','IT','2023-06-01','gokul_it1@mtrcollege.com','9876543402'),
('Keerthana R','female','2005-02-11','IT','2024-06-01','keerthana_it1@mtrcollege.com','9876543403'),
('Manoj K','male','2004-06-25','IT','2025-06-01','manoj_it1@mtrcollege.com','9876543404'),
('Pavithra T','female','2003-11-13','IT','2026-06-01','pavithra_it1@mtrcollege.com','9876543405'),
('Hari S','male','2005-09-03','IT','2023-06-01','hari_it1@mtrcollege.com','9876543406'),
('Bhavya L','female','2004-03-20','IT','2024-06-01','bhavya_it1@mtrcollege.com','9876543407'),
('Lokesh M','male','2003-06-18','IT','2025-06-01','lokesh_it1@mtrcollege.com','9876543408'),
('Anusha P','female','2005-04-12','IT','2026-06-01','anusha_it1@mtrcollege.com','9876543409'),
('Dinesh R','male','2004-01-29','IT','2023-06-01','dinesh_it1@mtrcollege.com','9876543410'),
('Swetha K','female','2003-10-08','IT','2024-06-01','swetha_it1@mtrcollege.com','9876543411'),
('Vikram S','male','2005-07-21','IT','2025-06-01','vikram_it1@mtrcollege.com','9876543412'),
('Revathi M','female','2004-09-17','IT','2026-06-01','revathi_it1@mtrcollege.com','9876543413'),
('Ganesh T','male','2003-12-04','IT','2023-06-01','ganesh_it1@mtrcollege.com','9876543414'),
('Madhavi R','female','2005-05-10','IT','2024-06-01','madhavi_it1@mtrcollege.com','9876543415'),
('Suresh V','male','2004-06-02','IT','2025-06-01','suresh_it1@mtrcollege.com','9876543416'),
('Kavitha P','female','2003-08-26','IT','2026-06-01','kavitha_it1@mtrcollege.com','9876543417'),
('Aravind K','male','2005-01-15','IT','2023-06-01','aravind_it1@mtrcollege.com','9876543418'),
('Deepika S','female','2004-02-19','IT','2024-06-01','deepika_it1@mtrcollege.com','9876543419');

create table faculty(
                     faculty_id int primary key auto_increment ,
                     faculty_name varchar(50) not null,
					 department enum('CSE','ECE','MECH','AIDS','EEE','CIVIL','IT')not null,
                     designation enum('HOD','AP','SP','LA','NT')not null, 
					 joining_date date not null,
					 salary DECIMAL(10,2) not null);
INSERT INTO faculty (faculty_name, department, designation, joining_date, salary) VALUES
('Dr. Aravind Kumar','CSE','HOD','2020-06-15',110000),
('Dr. Meena Lakshmi','CSE','SP','2021-07-10',85000),
('Dr. Rahul Prakash','CSE','SP','2023-05-12',75000),
('Sanjay Reddy','CSE','AP','2022-03-18',60000),
('Priya Natarajan','CSE','AP','2024-08-20',50000),
('Vignesh Anand','CSE','AP','2025-01-10',45000),
('Anitha Varma','CSE','LA','2023-09-01',40000),
('Karthik Mohan','CSE','LA','2026-02-14',25000),
('Ramesh Babu','CSE','NT','2024-04-05',30000),
('Dr. Suresh Iyer','ECE','HOD','2020-05-10',112000),
('Dr. Kavitha Rao','ECE','SP','2021-06-15',88000),
('Dr. Arjun Menon','ECE','SP','2022-08-11',82000),
('Deepika Sharma','ECE','AP','2023-04-19',55000),
('Harish Patel','ECE','AP','2024-07-22',50000),
('Sneha Thomas','ECE','AP','2026-01-01',40000),
('Manoj Kulkarni','ECE','LA','2022-02-14',45000),
('Divya Krishnan','ECE','LA','2025-11-20',30000),
('Gopinath Das','ECE','NT','2023-12-12',35000),
('Dr. Pradeep Singh','MECH','HOD','2020-03-11',115000),
('Dr. Vijay Raj','MECH','SP','2021-07-25',87000),
('Dr. Nirmala Devi','MECH','SP','2023-10-05',75000),
('Arul Kumar','MECH','AP','2022-01-14',60000),
('Keerthana Balan','MECH','AP','2024-09-18',52000),
('Mohammed Irfan','MECH','AP','2025-05-10',45000),
('Sathish Kumar','MECH','LA','2023-06-30',40000),
('Ritika Sharma','MECH','LA','2026-03-15',25000),
('Balaji Rao','MECH','NT','2024-11-09',30000),
('Dr. Lakshman Rao','AIDS','HOD','2020-02-02',108000),
('Dr. Ananya Bose','AIDS','SP','2021-09-09',85000),
('Dr. Rohit Verma','AIDS','SP','2022-04-14',82000),
('Shalini Gupta','AIDS','AP','2023-07-17',55000),
('Naveen Kumar','AIDS','AP','2024-03-21',50000),
('Aishwarya Iyer','AIDS','AP','2025-12-12',45000),
('Tarun Malhotra','AIDS','LA','2022-06-06',43000),
('Pooja Menon','AIDS','LA','2026-05-19',25000),
('Sridhar R','AIDS','NT','2023-08-23',30000),
('Dr. Senthil Kumar','EEE','HOD','2020-07-07',113000),
('Dr. Bhavana Reddy','EEE','SP','2021-01-15',86000),
('Dr. Prakash Naidu','EEE','SP','2023-11-11',75000),
('Kiran Joseph','EEE','AP','2022-05-05',60000),
('Lavanya Srinivasan','EEE','AP','2024-02-02',50000),
('Ajay Shankar','EEE','AP','2026-04-04',40000),
('Monica Pillai','EEE','LA','2023-09-09',40000),
('Raghavendra Rao','EEE','LA','2025-06-06',30000),
('Dinesh Kumar','EEE','NT','2024-10-10',30000),
('Dr. Mahesh Bhat','CIVIL','HOD','2020-01-20',110000),
('Dr. Rekha Nair','CIVIL','SP','2021-03-13',87000),
('Dr. Ganesh Iyer','CIVIL','SP','2022-12-12',82000),
('Sowmya Krishnan','CIVIL','AP','2023-02-22',55000),
('Arvind Narayanan','CIVIL','AP','2024-08-08',50000),
('Nithya Raman','CIVIL','AP','2025-09-09',45000),
('Kamal Raj','CIVIL','LA','2022-10-10',43000),
('Megha Sharma','CIVIL','LA','2026-06-06',25000),
('Selvam M','CIVIL','NT','2023-07-07',30000),
('Dr. Harikrishnan P','IT','HOD','2020-04-04',112000),
('Dr. Shweta Kapoor','IT','SP','2021-08-18',86000),
('Dr. Aditya Joshi','IT','SP','2023-03-03',75000),
('Rohini Desai','IT','AP','2022-09-09',60000),
('Vikram Malhotra','IT','AP','2024-01-01',50000),
('Neha Agarwal','IT','AP','2026-02-02',40000),
('Praveen Kumar','IT','LA','2023-11-11',40000),
('Gayathri R','IT','LA','2025-05-05',30000),
('Manikandan S','IT','NT','2024-12-12',30000);

create table courses(
    course_id int primary key auto_increment,
    course_name varchar(100) not null,
    department enum('CSE','ECE','MECH','AIDS','EEE','CIVIL','IT')not null,
    credits int not null, check(credits between 1 and 5),
    faculty_id int not null,
    foreign key (faculty_id) references faculty(faculty_id));

insert into courses (course_name, department, credits, faculty_id) values
('data structures','CSE',4,2),
('database systems','CSE',3,4),
('operating systems','CSE',4,5),
('computer networks','CSE',3,3),
('software engineering','CSE',5,6),
('digital electronics','ECE',4,11),
('analog circuits','ECE',3,13),
('microprocessors','ECE',4,12),
('signal processing','ECE',5,14),
('embedded systems','ECE',3,15),
('thermodynamics','MECH',4,20),
('fluid mechanics','MECH',3,21),
('machine design','MECH',5,22),
('heat transfer','MECH',4,23),
('manufacturing tech','MECH',3,24),
('machine learning','AIDS',4,29),
('data mining','AIDS',3,30),
('deep learning','AIDS',5,31),
('artificial intelligence','AIDS',4,32),
('big data analytics','AIDS',3,33),
('power systems','EEE',4,38),
('electrical machines','EEE',3,39),
('control systems','EEE',5,40),
('power electronics','EEE',4,41),
('renewable energy','EEE',3,42),
('structural engineering','CIVIL',4,47),
('geotechnical engineering','CIVIL',3,48),
('transportation engineering','CIVIL',5,49),
('environmental engineering','CIVIL',4,50),
('construction planning','CIVIL',3,51),
('cloud computing','IT',4,56),
('cyber security','IT',3,57),
('web technologies','IT',5,58),
('mobile application dev','IT',4,59),
('devops','IT',3,60);


create table enrollments (
    enrollment_id int primary key auto_increment,
    student_id int not null,
    foreign key (student_id) 
        references student(student_id),
    course_id int not null,
    foreign key (course_id) 
        references courses(course_id),
    enrollment_date date not null
);

insert into enrollments (student_id, course_id, enrollment_date) values
(1, 1, '2023-07-01'),
(1, 2, '2023-08-01'),
(2, 1, '2023-07-01'),
(3, 3, '2024-07-01'),
(3, 4, '2024-08-01'),
(4, 2, '2025-07-01'),
(5, 5, '2026-07-01'),
(5, 3, '2026-08-01'),
(6, 1, '2023-07-01'),
(7, 4, '2023-07-01'),
(7, 5, '2023-08-01'),
(8, 2, '2024-07-01'),
(9, 3, '2024-07-01'),
(9, 1, '2024-08-01'),
(10, 5, '2025-07-01'),
(11, 2, '2026-07-01'),
(11, 4, '2026-08-01'),
(12, 3, '2023-07-01'),
(13, 1, '2023-07-01'),
(13, 5, '2023-08-01'),
(14, 4, '2024-07-01'),
(15, 2, '2025-07-01'),
(15, 3, '2025-08-01'),
(16, 1, '2026-07-01'),
(17, 5, '2023-07-01'),
(17, 4, '2023-08-01'),
(18, 2, '2024-07-01'),
(19, 3, '2025-07-01'),
(19, 1, '2025-08-01'),
(20, 4, '2026-07-01'),
(21, 1, '2023-07-01'),
(21, 3, '2023-08-01'),
(22, 2, '2024-07-01'),
(23, 4, '2025-07-01'),
(23, 5, '2025-08-01'),
(24, 3, '2026-07-01'),
(25, 5, '2023-07-01'),
(25, 2, '2023-08-01'),
(26, 1, '2024-07-01'),
(27, 4, '2025-07-01'),
(27, 3, '2025-08-01'),
(28, 2, '2026-07-01'),
(29, 5, '2023-07-01'),
(29, 1, '2023-08-01'),
(30, 3, '2024-07-01'),
(31, 6, '2023-07-01'),
(31, 8, '2023-08-01'),
(32, 7, '2024-07-01'),
(33, 9, '2025-07-01'),
(33, 10, '2025-08-01'),
(34, 6, '2026-07-01'),
(35, 8, '2023-07-01'),
(35, 7, '2023-08-01'),
(36, 9, '2024-07-01'),
(37, 10, '2025-07-01'),
(37, 6, '2025-08-01'),
(38, 7, '2026-07-01'),
(39, 8, '2023-07-01'),
(39, 9, '2023-08-01'),
(40, 6, '2024-07-01'),
(41, 10, '2025-07-01'),
(41, 7, '2025-08-01'),
(42, 8, '2026-07-01'),
(43, 9, '2023-07-01'),
(43, 6, '2023-08-01'),
(44, 7, '2024-07-01'),
(45, 10, '2025-07-01'),
(45, 8, '2025-08-01'),
(46, 6, '2026-07-01'),
(47, 9, '2023-07-01'),
(47, 7, '2023-08-01'),
(48, 8, '2024-07-01'),
(49, 10, '2025-07-01'),
(49, 6, '2025-08-01'),
(50, 7, '2026-07-01'),
(51, 9, '2023-07-01'),
(51, 8, '2023-08-01'),
(52, 6, '2024-07-01'),
(53, 7, '2025-07-01'),
(53, 10, '2025-08-01'),
(54, 8, '2026-07-01'),
(55, 9, '2023-07-01'),
(55, 6, '2023-08-01'),
(56, 10, '2024-07-01'),
(57, 7, '2025-07-01'),
(57, 8, '2025-08-01'),
(58, 6, '2026-07-01'),
(59, 9, '2023-07-01'),
(59, 10, '2023-08-01'),
(60, 7, '2024-07-01'),
(61,11,'2023-07-01'),
(61,13,'2023-08-01'),
(62,12,'2024-07-01'),
(63,14,'2025-07-01'),
(63,15,'2025-08-01'),
(64,11,'2026-07-01'),
(65,13,'2023-07-01'),
(65,12,'2023-08-01'),
(66,14,'2024-07-01'),
(67,15,'2025-07-01'),
(67,11,'2025-08-01'),
(68,12,'2026-07-01'),
(69,13,'2023-07-01'),
(69,14,'2023-08-01'),
(70,15,'2024-07-01'),
(71,16,'2023-07-01'),
(71,18,'2023-08-01'),
(72,17,'2024-07-01'),
(73,19,'2025-07-01'),
(73,20,'2025-08-01'),
(74,16,'2026-07-01'),
(75,18,'2023-07-01'),
(75,17,'2023-08-01'),
(76,19,'2024-07-01'),
(77,20,'2025-07-01'),
(77,16,'2025-08-01'),
(78,17,'2026-07-01'),
(79,18,'2023-07-01'),
(79,19,'2023-08-01'),
(80,20,'2024-07-01'),
(81,21,'2023-07-01'),
(81,23,'2023-08-01'),
(82,22,'2024-07-01'),
(83,24,'2025-07-01'),
(83,25,'2025-08-01'),
(84,21,'2026-07-01'),
(85,23,'2023-07-01'),
(85,22,'2023-08-01'),
(86,24,'2024-07-01'),
(87,25,'2025-07-01'),
(87,21,'2025-08-01'),
(88,22,'2026-07-01'),
(89,23,'2023-07-01'),
(89,24,'2023-08-01'),
(90,25,'2024-07-01'),
(91,26,'2023-07-01'),
(91,28,'2023-08-01'),
(92,27,'2024-07-01'),
(93,29,'2025-07-01'),
(93,30,'2025-08-01'),
(94,26,'2026-07-01'),
(95,28,'2023-07-01'),
(95,27,'2023-08-01'),
(96,29,'2024-07-01'),
(97,30,'2025-07-01'),
(97,26,'2025-08-01'),
(98,27,'2026-07-01'),
(99,28,'2023-07-01'),
(99,29,'2023-08-01'),
(100,30,'2024-07-01'),
(101,31,'2023-07-01'),
(101,33,'2023-08-01'),
(102,32,'2024-07-01'),
(103,34,'2025-07-01'),
(103,35,'2025-08-01'),
(104,31,'2026-07-01'),
(105,33,'2023-07-01'),
(105,32,'2023-08-01'),
(106,34,'2024-07-01'),
(107,35,'2025-07-01'),
(107,31,'2025-08-01'),
(108,32,'2026-07-01'),
(109,33,'2023-07-01'),
(109,34,'2023-08-01'),
(110,35,'2024-07-01'),
(111,1,'2023-07-01'),
(111,2,'2023-08-01'),
(112,3,'2024-07-01'),
(113,4,'2025-07-01'),
(113,5,'2025-08-01'),
(114,1,'2026-07-01'),
(115,2,'2023-07-01'),
(115,3,'2023-08-01'),
(116,4,'2024-07-01'),
(117,5,'2025-07-01'),
(117,1,'2025-08-01'),
(118,2,'2026-07-01'),
(119,3,'2023-07-01'),
(119,4,'2023-08-01'),
(120,5,'2024-07-01'),
(121,6,'2023-07-01'),
(121,8,'2023-08-01'),
(122,7,'2024-07-01'),
(123,9,'2025-07-01'),
(123,10,'2025-08-01'),
(124,6,'2026-07-01'),
(125,8,'2023-07-01'),
(125,7,'2023-08-01'),
(126,9,'2024-07-01'),
(127,10,'2025-07-01'),
(127,6,'2025-08-01'),
(128,7,'2026-07-01'),
(129,8,'2023-07-01'),
(129,9,'2023-08-01'),
(130,10,'2024-07-01'),
(131,11,'2023-07-01'),
(131,13,'2023-08-01'),
(132,12,'2024-07-01'),
(133,14,'2025-07-01'),
(133,15,'2025-08-01'),
(134,11,'2026-07-01'),
(135,13,'2023-07-01'),
(135,12,'2023-08-01'),
(136,14,'2024-07-01'),
(137,15,'2025-07-01'),
(137,11,'2025-08-01'),
(138,12,'2026-07-01'),
(139,13,'2023-07-01'),
(139,14,'2023-08-01'),
(140,15,'2024-07-01'),
(141,16,'2023-07-01'),
(141,18,'2023-08-01'),
(142,17,'2024-07-01'),
(143,19,'2025-07-01'),
(143,20,'2025-08-01'),
(144,16,'2026-07-01'),
(145,18,'2023-07-01'),
(145,17,'2023-08-01'),
(146,19,'2024-07-01'),
(147,20,'2025-07-01'),
(147,16,'2025-08-01'),
(148,17,'2026-07-01'),
(149,18,'2023-07-01'),
(149,19,'2023-08-01'),
(150,20,'2024-07-01'),
(151,21,'2023-07-01'),
(151,23,'2023-08-01'),
(152,22,'2024-07-01'),
(153,24,'2025-07-01'),
(153,25,'2025-08-01'),
(154,21,'2026-07-01'),
(155,23,'2023-07-01'),
(155,22,'2023-08-01'),
(156,24,'2024-07-01'),
(157,25,'2025-07-01'),
(157,21,'2025-08-01'),
(158,22,'2026-07-01'),
(159,23,'2023-07-01'),
(159,24,'2023-08-01'),
(160,25,'2024-07-01'),
(161,26,'2023-07-01'),
(161,28,'2023-08-01'),
(162,27,'2024-07-01'),
(163,29,'2025-07-01'),
(163,30,'2025-08-01'),
(164,26,'2026-07-01'),
(165,28,'2023-07-01'),
(165,27,'2023-08-01'),
(166,29,'2024-07-01'),
(167,30,'2025-07-01'),
(167,26,'2025-08-01'),
(168,27,'2026-07-01'),
(169,28,'2023-07-01'),
(169,29,'2023-08-01'),
(170,30,'2024-07-01'),
(171,31,'2023-07-01'),
(171,33,'2023-08-01'),
(172,32,'2024-07-01'),
(173,34,'2025-07-01'),
(173,35,'2025-08-01'),
(174,31,'2026-07-01'),
(175,33,'2023-07-01'),
(175,32,'2023-08-01'),
(176,34,'2024-07-01'),
(177,35,'2025-07-01'),
(177,31,'2025-08-01'),
(178,32,'2026-07-01'),
(179,33,'2023-07-01'),
(179,34,'2023-08-01'),
(180,35,'2024-07-01'),
(181,1,'2023-07-01'),
(181,2,'2023-08-01'),
(182,3,'2024-07-01'),
(183,4,'2025-07-01'),
(183,5,'2025-08-01'),
(184,1,'2026-07-01'),
(185,2,'2023-07-01'),
(185,3,'2023-08-01'),
(186,4,'2024-07-01'),
(187,5,'2025-07-01'),
(187,1,'2025-08-01'),
(188,2,'2026-07-01'),
(189,3,'2023-07-01'),
(189,4,'2023-08-01'),
(190,5,'2024-07-01'),
(191,6,'2023-07-01'),
(191,8,'2023-08-01'),
(192,7,'2024-07-01'),
(193,9,'2025-07-01'),
(193,10,'2025-08-01'),
(194,6,'2026-07-01'),
(195,8,'2023-07-01'),
(195,7,'2023-08-01'),
(196,9,'2024-07-01'),
(197,10,'2025-07-01'),
(197,6,'2025-08-01'),
(198,7,'2026-07-01'),
(199,8,'2023-07-01'),
(199,9,'2023-08-01'),
(200,10,'2024-07-01'),
(201,11,'2023-07-01'),
(201,13,'2023-08-01'),
(202,12,'2024-07-01'),
(203,14,'2025-07-01'),
(203,15,'2025-08-01'),
(204,11,'2026-07-01'),
(205,13,'2023-07-01'),
(205,12,'2023-08-01');


create table attendance(
    attendance_id int  primary key auto_increment,
    student_id int  not null, foreign key(student_id) references student(student_id),
    course_id int  not null,foreign key(course_id) references courses(course_id),
    total_day_present int not null,
    status enum('eligible','not eligible') not null);
alter table attendance
add column percentage decimal(5,2);

INSERT INTO attendance (student_id, course_id, total_day_present, percentage, status) VALUES
(1,1,88,86.27,'eligible'),
(1,2,91,89.22,'eligible'),
(2,1,84,82.35,'eligible'),
(3,3,95,93.14,'eligible'),
(3,4,83,81.37,'eligible'),
(4,2,87,85.29,'eligible'),
(5,5,92,90.20,'eligible'),
(5,3,85,83.33,'eligible'),
(6,1,89,87.25,'eligible'),
(7,4,94,92.16,'eligible'),
(7,5,82,80.39,'eligible'),
(8,2,90,88.24,'eligible'),
(9,3,86,84.31,'eligible'),
(9,1,93,91.18,'eligible'),
(10,5,88,86.27,'eligible'),
(11,2,97,95.10,'eligible'),
(11,4,81,79.41,'eligible'),
(12,3,84,82.35,'eligible'),
(13,1,91,89.22,'eligible'),
(13,5,87,85.29,'eligible'),
(14,4,83,81.37,'eligible'),
(15,2,96,94.12,'eligible'),
(15,3,89,87.25,'eligible'),
(16,1,90,88.24,'eligible'),
(17,5,92,90.20,'eligible'),
(17,4,85,83.33,'eligible'),
(18,2,88,86.27,'eligible'),
(19,3,94,92.16,'eligible'),
(19,1,86,84.31,'eligible'),
(20,4,91,89.22,'eligible'),
(21,1,93,91.18,'eligible'),
(21,3,85,83.33,'eligible'),
(22,2,88,86.27,'eligible'),
(23,4,90,88.24,'eligible'),
(23,5,82,80.39,'eligible'),
(24,1,86,84.31,'eligible'),
(25,3,94,92.16,'eligible'),
(25,2,87,85.29,'eligible'),
(26,5,91,89.22,'eligible'),
(27,4,83,81.37,'eligible'),
(27,1,95,93.14,'eligible'),
(28,2,89,87.25,'eligible'),
(29,3,92,90.20,'eligible'),
(29,5,84,82.35,'eligible'),
(30,4,90,88.24,'eligible'),
(31,1,88,86.27,'eligible'),
(31,2,96,94.12,'eligible'),
(32,3,85,83.33,'eligible'),
(33,5,91,89.22,'eligible'),
(33,4,82,80.39,'eligible'),
(34,2,87,85.29,'eligible'),
(35,1,93,91.18,'eligible'),
(35,3,86,84.31,'eligible'),
(36,5,92,90.20,'eligible'),
(37,4,81,79.41,'eligible'),
(37,2,89,87.25,'eligible'),
(38,3,94,92.16,'eligible'),
(39,1,90,88.24,'eligible'),
(39,5,84,82.35,'eligible'),
(40,2,88,86.27,'eligible'),
(41,3,92,90.20,'eligible'),
(41,5,84,82.35,'eligible'),
(42,1,88,86.27,'eligible'),
(43,2,95,93.14,'eligible'),
(43,4,83,81.37,'eligible'),
(44,5,90,88.24,'eligible'),
(45,3,86,84.31,'eligible'),
(45,1,91,89.22,'eligible'),
(46,2,87,85.29,'eligible'),
(47,4,94,92.16,'eligible'),
(47,5,82,80.39,'eligible'),
(48,1,89,87.25,'eligible'),
(49,3,93,91.18,'eligible'),
(49,2,85,83.33,'eligible'),
(50,4,90,88.24,'eligible'),
(51,5,88,86.27,'eligible'),
(51,1,96,94.12,'eligible'),
(52,2,84,82.35,'eligible'),
(53,3,91,89.22,'eligible'),
(53,4,87,85.29,'eligible'),
(54,5,83,81.37,'eligible'),
(55,1,94,92.16,'eligible'),
(55,2,86,84.31,'eligible'),
(56,3,92,90.20,'eligible'),
(57,4,81,79.41,'eligible'),
(57,5,89,87.25,'eligible'),
(58,1,93,91.18,'eligible'),
(59,2,90,88.24,'eligible'),
(59,3,84,82.35,'eligible'),
(60,5,88,86.27,'eligible'),
(61,2,91,89.22,'eligible'),
(61,4,85,83.33,'eligible'),
(62,3,88,86.27,'eligible'),
(63,1,94,92.16,'eligible'),
(63,5,82,80.39,'eligible'),
(64,2,87,85.29,'eligible'),
(65,3,92,90.20,'eligible'),
(65,1,86,84.31,'eligible'),
(66,4,90,88.24,'eligible'),
(67,5,83,81.37,'eligible'),
(67,2,95,93.14,'eligible'),
(68,3,89,87.25,'eligible'),
(69,1,93,91.18,'eligible'),
(69,4,84,82.35,'eligible'),
(70,5,88,86.27,'eligible'),
(71,2,96,94.12,'eligible'),
(71,3,81,79.41,'eligible'),
(72,4,85,83.33,'eligible'),
(73,1,92,90.20,'eligible'),
(73,5,87,85.29,'eligible'),
(74,3,83,81.37,'eligible'),
(75,2,94,92.16,'eligible'),
(75,4,86,84.31,'eligible'),
(76,1,90,88.24,'eligible'),
(77,5,91,89.22,'eligible'),
(77,3,84,82.35,'eligible'),
(78,2,88,86.27,'eligible'),
(79,4,95,93.14,'eligible'),
(79,1,89,87.25,'eligible'),
(80,5,93,91.18,'eligible'),
(81,1,92,90.20,'eligible'),
(81,3,86,84.31,'eligible'),
(82,2,88,86.27,'eligible'),
(83,4,95,93.14,'eligible'),
(83,5,83,81.37,'eligible'),
(84,1,90,88.24,'eligible'),
(85,3,87,85.29,'eligible'),
(85,2,91,89.22,'eligible'),
(86,5,84,82.35,'eligible'),
(87,4,94,92.16,'eligible'),
(87,1,82,80.39,'eligible'),
(88,2,89,87.25,'eligible'),
(89,3,93,91.18,'eligible'),
(89,5,85,83.33,'eligible'),
(90,4,90,88.24,'eligible'),
(91,1,88,86.27,'eligible'),
(91,2,96,94.12,'eligible'),
(92,3,81,79.41,'eligible'),
(93,5,92,90.20,'eligible'),
(93,4,87,85.29,'eligible'),
(94,2,83,81.37,'eligible'),
(95,1,94,92.16,'eligible'),
(95,3,86,84.31,'eligible'),
(96,5,90,88.24,'eligible'),
(97,4,91,89.22,'eligible'),
(97,2,84,82.35,'eligible'),
(98,3,88,86.27,'eligible'),
(99,1,95,93.14,'eligible'),
(99,5,89,87.25,'eligible'),
(100,2,93,91.18,'eligible'),
(101,31,94,92.16,'eligible'),
(101,33,86,84.31,'eligible'),
(102,32,88,86.27,'eligible'),
(103,34,95,93.14,'eligible'),
(103,35,83,81.37,'eligible'),
(104,31,90,88.24,'eligible'),
(105,33,87,85.29,'eligible'),
(105,32,91,89.22,'eligible'),
(106,34,84,82.35,'eligible'),
(107,35,92,90.20,'eligible'),
(107,31,85,83.33,'eligible'),
(108,32,89,87.25,'eligible'),
(109,33,93,91.18,'eligible'),
(109,34,82,80.39,'eligible'),
(110,35,90,88.24,'eligible'),
(111,1,88,86.27,'eligible'),
(111,2,96,94.12,'eligible'),
(112,3,81,79.41,'eligible'),
(113,4,92,90.20,'eligible'),
(113,5,87,85.29,'eligible'),
(114,1,83,81.37,'eligible'),
(115,2,94,92.16,'eligible'),
(115,3,86,84.31,'eligible'),
(116,4,90,88.24,'eligible'),
(117,5,91,89.22,'eligible'),
(117,1,84,82.35,'eligible'),
(118,2,88,86.27,'eligible'),
(119,3,95,93.14,'eligible'),
(119,4,89,87.25,'eligible'),
(120,5,93,91.18,'eligible'),
(121,6,92,90.20,'eligible'),
(121,8,85,83.33,'eligible'),
(122,7,88,86.27,'eligible'),
(123,9,95,93.14,'eligible'),
(123,10,83,81.37,'eligible'),
(124,6,90,88.24,'eligible'),
(125,8,87,85.29,'eligible'),
(125,7,91,89.22,'eligible'),
(126,9,84,82.35,'eligible'),
(127,10,94,92.16,'eligible'),
(127,6,82,80.39,'eligible'),
(128,7,89,87.25,'eligible'),
(129,8,93,91.18,'eligible'),
(129,9,86,84.31,'eligible'),
(130,10,90,88.24,'eligible'),
(131,11,88,86.27,'eligible'),
(131,13,96,94.12,'eligible'),
(132,12,81,79.41,'eligible'),
(133,14,92,90.20,'eligible'),
(133,15,87,85.29,'eligible'),
(134,11,83,81.37,'eligible'),
(135,13,94,92.16,'eligible'),
(135,12,86,84.31,'eligible'),
(136,14,90,88.24,'eligible'),
(137,15,91,89.22,'eligible'),
(137,11,84,82.35,'eligible'),
(138,12,88,86.27,'eligible'),
(139,13,95,93.14,'eligible'),
(139,14,89,87.25,'eligible'),
(140,15,93,91.18,'eligible'),
(141,16,91,89.22,'eligible'),
(141,18,84,82.35,'eligible'),
(142,17,88,86.27,'eligible'),
(143,19,95,93.14,'eligible'),
(143,20,83,81.37,'eligible'),
(144,16,90,88.24,'eligible'),
(145,18,87,85.29,'eligible'),
(145,17,92,90.20,'eligible'),
(146,19,85,83.33,'eligible'),
(147,20,94,92.16,'eligible'),
(147,16,82,80.39,'eligible'),
(148,17,89,87.25,'eligible'),
(149,18,93,91.18,'eligible'),
(149,19,86,84.31,'eligible'),
(150,20,90,88.24,'eligible'),
(151,21,88,86.27,'eligible'),
(151,23,96,94.12,'eligible'),
(152,22,81,79.41,'eligible'),
(153,24,92,90.20,'eligible'),
(153,25,87,85.29,'eligible'),
(154,21,83,81.37,'eligible'),
(155,23,94,92.16,'eligible'),
(155,22,86,84.31,'eligible'),
(156,24,90,88.24,'eligible'),
(157,25,91,89.22,'eligible'),
(157,21,84,82.35,'eligible'),
(158,22,88,86.27,'eligible'),
(159,23,95,93.14,'eligible'),
(159,24,89,87.25,'eligible'),
(160,25,93,91.18,'eligible'),
(161,26,92,90.20,'eligible'),
(161,28,85,83.33,'eligible'),
(162,27,88,86.27,'eligible'),
(163,29,95,93.14,'eligible'),
(163,30,83,81.37,'eligible'),
(164,26,90,88.24,'eligible'),
(165,28,87,85.29,'eligible'),
(165,27,91,89.22,'eligible'),
(166,29,84,82.35,'eligible'),
(167,30,94,92.16,'eligible'),
(167,26,82,80.39,'eligible'),
(168,27,89,87.25,'eligible'),
(169,28,93,91.18,'eligible'),
(169,29,86,84.31,'eligible'),
(170,30,90,88.24,'eligible'),
(171,31,88,86.27,'eligible'),
(171,33,96,94.12,'eligible'),
(172,32,81,79.41,'eligible'),
(173,34,92,90.20,'eligible'),
(173,35,87,85.29,'eligible'),
(174,31,83,81.37,'eligible'),
(175,33,94,92.16,'eligible'),
(175,32,86,84.31,'eligible'),
(176,34,90,88.24,'eligible'),
(177,35,91,89.22,'eligible'),
(177,31,84,82.35,'eligible'),
(178,32,88,86.27,'eligible'),
(179,33,95,93.14,'eligible'),
(179,34,89,87.25,'eligible'),
(180,35,93,91.18,'eligible'),
(181,1,92,90.20,'eligible'),
(181,2,85,83.33,'eligible'),
(182,3,88,86.27,'eligible'),
(183,4,95,93.14,'eligible'),
(183,5,83,81.37,'eligible'),
(184,1,90,88.24,'eligible'),
(185,2,87,85.29,'eligible'),
(185,3,91,89.22,'eligible'),
(186,4,84,82.35,'eligible'),
(187,5,94,92.16,'eligible'),
(187,1,82,80.39,'eligible'),
(188,2,89,87.25,'eligible'),
(189,3,93,91.18,'eligible'),
(189,4,86,84.31,'eligible'),
(190,5,90,88.24,'eligible'),
(191,6,88,86.27,'eligible'),
(191,8,96,94.12,'eligible'),
(192,7,81,79.41,'eligible'),
(193,9,92,90.20,'eligible'),
(193,10,87,85.29,'eligible'),
(194,6,83,81.37,'eligible'),
(195,8,94,92.16,'eligible'),
(195,7,86,84.31,'eligible'),
(196,9,90,88.24,'eligible'),
(197,10,91,89.22,'eligible'),
(197,6,84,82.35,'eligible'),
(198,7,88,86.27,'eligible'),
(199,8,95,93.14,'eligible'),
(199,9,89,87.25,'eligible'),
(200,10,93,91.18,'eligible'),
(201,11,90,88.24,'eligible'),
(201,13,85,83.33,'eligible'),
(202,12,88,86.27,'eligible'),
(203,14,92,90.20,'eligible'),
(203,15,87,85.29,'eligible'),
(204,11,83,81.37,'eligible'),
(205,13,60,59.00,'not eligible'),
(205,12,60,59.00,'not eligible');

create table exams (
    exam_id int primary key auto_increment,
    course_id int not null,foreign key (course_id) references courses(course_id),
    exam_date date not null,
    max_marks int not null);
    
insert into exams (course_id, exam_date, max_marks) values
(1,'2025-11-10',100),
(2,'2025-11-12',100),
(3,'2025-11-15',100),
(4,'2025-11-18',100),
(5,'2025-11-20',100),
(6,'2025-11-22',100),
(7,'2025-11-25',100),
(8,'2025-11-28',100),
(9,'2025-12-01',100),
(10,'2025-12-03',100),
(11,'2025-12-05',100),
(12,'2025-12-07',100),
(13,'2025-12-09',100),
(14,'2025-12-11',100),
(15,'2025-12-13',100),
(16,'2025-12-15',100),
(17,'2025-12-17',100),
(18,'2025-12-18',100),
(19,'2025-12-20',100),
(20,'2025-12-22',100),
(21,'2025-12-23',100),
(22,'2025-12-24',100),
(23,'2025-12-26',100),
(24,'2025-12-27',100),
(25,'2025-12-28',100),
(26,'2025-12-29',100),
(27,'2025-12-30',100),
(28,'2025-12-16',100),
(29,'2025-11-30',100),
(30,'2025-11-27',100),
(31,'2025-11-14',100),
(32,'2025-11-16',100),
(33,'2025-11-19',100),
(34,'2025-11-21',100),
(35,'2025-11-23',100);

create table results (
    result_id int primary key auto_increment,
    exam_id int not null,foreign key (exam_id) references exams(exam_id),
    student_id int not null,foreign key (student_id) references student(student_id),
    marks_obtained int not null,
    grade varchar(2) not null);
insert into results (exam_id, student_id, marks_obtained, grade) values
(1,1,91,'A+'),
(2,1,84,'A'),
(1,2,78,'B'),
(3,3,88,'A'),
(4,3,73,'B'),
(2,4,69,'C'),
(5,5,82,'A'),
(3,5,76,'B'),
(1,6,87,'A'),
(4,7,92,'A+'),
(5,7,81,'A'),
(2,8,74,'B'),
(3,9,86,'A'),
(1,9,79,'B'),
(5,10,83,'A'),
(2,11,77,'B'),
(4,11,90,'A+'),
(3,12,68,'C'),
(1,13,85,'A'),
(5,13,72,'B'),
(4,14,80,'A'),
(2,15,75,'B'),
(3,15,66,'C'),
(1,16,88,'A'),
(5,17,84,'A'),
(4,18,71,'B'),
(3,19,89,'A'),
(1,19,76,'B'),
(4,20,83,'A'),
(1,21,90,'A+'),
(3,21,74,'B'),
(2,22,68,'C'),
(4,23,87,'A'),
(5,23,79,'B'),
(3,24,82,'A'),
(5,25,88,'A'),
(2,25,70,'B'),
(1,26,91,'A+'),
(4,27,84,'A'),
(3,27,72,'B'),
(2,28,67,'C'),
(5,29,86,'A'),
(1,29,75,'B'),
(3,30,80,'A'),
(6,31,92,'A+'),
(8,31,85,'A'),
(7,32,78,'B'),
(9,33,88,'A'),
(10,33,73,'B'),
(6,34,69,'C'),
(7,35,84,'A'),
(8,36,76,'B'),
(9,37,90,'A+'),
(10,38,72,'B'),
(6,39,65,'C'),
(7,40,88,'A'),
(8,41,79,'B'),
(9,42,83,'A'),
(10,43,91,'A+'),
(6,44,70,'B'),
(7,45,74,'B'),
(8,46,86,'A'),
(9,47,68,'C'),
(10,48,80,'A'),
(6,49,77,'B'),
(7,50,92,'A+'),
(8,51,73,'B'),
(9,52,85,'A'),
(10,53,69,'C'),
(6,54,81,'A'),
(7,55,87,'A'),
(8,56,71,'B'),
(9,57,93,'A+'),
(10,58,75,'B'),
(6,59,66,'C'),
(7,60,84,'A'),
(11,61,90,'A+'),
(13,61,82,'A'),
(12,62,76,'B'),
(14,63,88,'A'),
(15,63,73,'B'),
(11,64,69,'C'),
(13,65,85,'A'),
(12,65,78,'B'),
(14,66,81,'A'),
(15,67,92,'A+'),
(11,67,74,'B'),
(12,68,67,'C'),
(13,69,86,'A'),
(14,69,79,'B'),
(15,70,83,'A'),
(16,71,91,'A+'),
(18,71,84,'A'),
(17,72,77,'B'),
(19,73,89,'A'),
(20,73,75,'B'),
(16,74,68,'C'),
(18,75,87,'A'),
(17,75,72,'B'),
(19,76,80,'A'),
(20,77,74,'B'),
(16,78,88,'A'),
(18,79,91,'A+'),
(17,80,69,'C'),
(19,81,82,'A'),
(20,82,76,'B'),
(16,83,85,'A'),
(18,84,73,'B'),
(17,85,90,'A+'),
(19,86,78,'B'),
(20,87,84,'A'),
(16,88,71,'B'),
(18,89,67,'C'),
(17,90,86,'A'),
(19,91,75,'B'),
(20,92,93,'A+'),
(16,93,80,'A'),
(18,94,72,'B'),
(17,95,89,'A'),
(19,96,77,'B'),
(20,97,83,'A'),
(16,98,70,'B'),
(18,99,92,'A+'),
(17,100,74,'B'),
(19,101,81,'A'),
(21,102,75,'B'),
(23,103,88,'A'),
(24,103,73,'B'),
(22,104,69,'C'),
(25,105,90,'A+'),
(21,105,78,'B'),
(23,106,84,'A'),
(24,107,71,'B'),
(22,107,92,'A+'),
(25,108,77,'B'),
(21,109,83,'A'),
(23,109,70,'B'),
(24,110,68,'C'),
(22,111,86,'A'),
(25,111,74,'B'),
(21,112,80,'A'),
(23,113,91,'A+'),
(24,113,79,'B'),
(22,114,67,'C'),
(25,115,85,'A'),
(21,115,72,'B'),
(23,116,88,'A'),
(24,117,76,'B'),
(22,117,93,'A+'),
(25,118,81,'A'),
(21,119,74,'B'),
(23,119,89,'A'),
(24,120,68,'C'),
(26,121,92,'A+'),
(28,121,84,'A'),
(27,122,77,'B'),
(29,123,90,'A+'),
(30,123,73,'B'),
(26,124,69,'C'),
(28,125,86,'A'),
(27,125,78,'B'),
(29,126,83,'A'),
(30,127,91,'A+'),
(26,127,75,'B'),
(27,128,70,'B'),
(28,129,88,'A'),
(29,129,76,'B'),
(30,130,81,'A'),
(26,131,87,'A'),
(28,131,72,'B'),
(27,132,67,'C'),
(29,133,85,'A'),
(30,133,79,'B'),
(26,134,93,'A+'),
(28,135,74,'B'),
(27,135,82,'A'),
(29,136,75,'B'),
(30,137,88,'A'),
(26,137,71,'B'),
(27,138,69,'C'),
(28,139,90,'A+'),
(29,139,78,'B'),
(30,140,83,'A'),
(31,141,92,'A+'),
(33,141,85,'A'),
(32,142,77,'B'),
(34,143,89,'A'),
(35,143,74,'B'),
(31,144,68,'C'),
(33,145,86,'A'),
(32,145,72,'B'),
(34,146,81,'A'),
(35,147,91,'A+'),
(31,147,75,'B'),
(32,148,70,'B'),
(33,149,88,'A'),
(34,149,76,'B'),
(35,150,82,'A'),
(31,151,90,'A+'),
(33,151,73,'B'),
(32,152,78,'B'),
(34,153,90,'A+'),
(35,153,74,'B'),
(31,154,69,'C'),
(33,155,85,'A'),
(32,155,72,'B'),
(34,156,81,'A'),
(35,157,92,'A+'),
(31,157,76,'B'),
(32,158,70,'B'),
(33,159,88,'A'),
(34,159,75,'B'),
(35,160,83,'A'),
(31,161,91,'A+'),
(33,161,79,'B'),
(32,162,68,'C'),
(34,163,86,'A'),
(35,163,73,'B'),
(31,164,82,'A'),
(33,165,77,'B'),
(32,166,71,'B'),
(34,167,89,'A'),
(35,167,74,'B'),
(13,205,0,'U'),
(12,205,0,'U');

create table fees (
    student_id int not null,  foreign key (student_id) references student(student_id),
    total_fee decimal(10,2) not null,
    paid_amount decimal(10,2) not null,
    due_amount decimal(10,2) not null,
    payment_date date,
    payment_status enum('paid','partial','pending') not null);
insert into fees (student_id,total_fee,paid_amount,due_amount,payment_date,payment_status) values
(1,50000,20000,30000,'2025-10-12','pending'),
(2,50000,37500,12500,'2025-11-05','partial'),
(3,50000,50000,0,'2025-12-01','paid'),
(4,100000,40000,60000,'2025-10-20','pending'),
(5,50000,37500,12500,'2025-11-18','partial'),
(6,50000,50000,0,'2025-12-10','paid'),
(7,100000,40000,60000,'2025-10-25','pending'),
(8,50000,37500,12500,'2025-11-30','partial'),
(9,50000,50000,0,'2025-12-15','paid'),
(10,100000,40000,60000,'2025-10-08','pending'),
(11,50000,37500,12500,'2025-11-11','partial'),
(12,50000,50000,0,'2025-12-22','paid'),
(13,100000,40000,60000,'2025-10-17','pending'),
(14,50000,37500,12500,'2025-11-09','partial'),
(15,50000,50000,0,'2025-12-05','paid'),
(16,100000,40000,60000,'2025-10-28','pending'),
(17,50000,37500,12500,'2025-11-21','partial'),
(18,50000,50000,0,'2025-12-18','paid'),
(19,100000,40000,60000,'2025-10-14','pending'),
(20,50000,37500,12500,'2025-11-26','partial'),(21,50000,50000,0,'2025-12-03','paid'),
(22,100000,40000,60000,'2025-10-09','pending'),
(23,50000,37500,12500,'2025-11-14','partial'),
(24,50000,50000,0,'2025-12-19','paid'),
(25,100000,40000,60000,'2025-10-23','pending'),
(26,50000,37500,12500,'2025-11-02','partial'),
(27,50000,50000,0,'2025-12-11','paid'),
(28,100000,40000,60000,'2025-10-30','pending'),
(29,50000,37500,12500,'2025-11-27','partial'),
(30,50000,50000,0,'2025-12-06','paid'),
(31,100000,40000,60000,'2025-10-15','pending'),
(32,50000,37500,12500,'2025-11-19','partial'),
(33,50000,50000,0,'2025-12-24','paid'),
(34,100000,40000,60000,'2025-10-05','pending'),
(35,50000,37500,12500,'2025-11-08','partial'),
(36,50000,50000,0,'2025-12-14','paid'),
(37,100000,40000,60000,'2025-10-21','pending'),
(38,50000,37500,12500,'2025-11-16','partial'),
(39,50000,50000,0,'2025-12-09','paid'),
(40,100000,40000,60000,'2025-10-18','pending'),
(41,50000,37500,12500,'2025-11-04','partial'),
(42,50000,50000,0,'2025-12-01','paid'),
(43,100000,40000,60000,'2025-10-12','pending'),
(44,50000,37500,12500,'2025-11-18','partial'),
(45,50000,50000,0,'2025-12-22','paid'),
(46,100000,40000,60000,'2025-10-27','pending'),
(47,50000,37500,12500,'2025-11-09','partial'),
(48,50000,50000,0,'2025-12-13','paid'),
(49,100000,40000,60000,'2025-10-06','pending'),
(50,50000,37500,12500,'2025-11-25','partial'),
(51,50000,50000,0,'2025-12-08','paid'),
(52,100000,40000,60000,'2025-10-16','pending'),
(53,50000,37500,12500,'2025-11-21','partial'),
(54,50000,50000,0,'2025-12-27','paid'),
(55,100000,40000,60000,'2025-10-02','pending'),
(56,50000,37500,12500,'2025-11-12','partial'),
(57,50000,50000,0,'2025-12-17','paid'),
(58,100000,40000,60000,'2025-10-24','pending'),
(59,50000,37500,12500,'2025-11-06','partial'),
(60,50000,50000,0,'2025-12-29','paid'),
(61,100000,40000,60000,'2025-10-07','pending'),
(62,50000,37500,12500,'2025-11-15','partial'),
(63,50000,50000,0,'2025-12-05','paid'),
(64,100000,40000,60000,'2025-10-28','pending'),
(65,50000,37500,12500,'2025-11-23','partial'),
(66,50000,50000,0,'2025-12-20','paid'),
(67,100000,40000,60000,'2025-10-11','pending'),
(68,50000,37500,12500,'2025-11-01','partial'),
(69,50000,50000,0,'2025-12-16','paid'),
(70,100000,40000,60000,'2025-10-25','pending'),
(71,50000,37500,12500,'2025-11-13','partial'),
(72,50000,50000,0,'2025-12-02','paid'),
(73,100000,40000,60000,'2025-10-19','pending'),
(74,50000,37500,12500,'2025-11-28','partial'),
(75,50000,50000,0,'2025-12-10','paid'),
(76,100000,40000,60000,'2025-10-04','pending'),
(77,50000,37500,12500,'2025-11-17','partial'),
(78,50000,50000,0,'2025-12-26','paid'),
(79,100000,40000,60000,'2025-10-22','pending'),
(80,50000,37500,12500,'2025-11-07','partial'),
(81,50000,50000,0,'2025-12-04','paid'),
(82,100000,40000,60000,'2025-10-13','pending'),
(83,50000,37500,12500,'2025-11-24','partial'),
(84,50000,50000,0,'2025-12-18','paid'),
(85,100000,40000,60000,'2025-10-01','pending'),
(86,50000,37500,12500,'2025-11-10','partial'),
(87,50000,50000,0,'2025-12-21','paid'),
(88,100000,40000,60000,'2025-10-29','pending'),
(89,50000,37500,12500,'2025-11-05','partial'),
(90,50000,50000,0,'2025-12-12','paid'),
(91,100000,40000,60000,'2025-10-17','pending'),
(92,50000,37500,12500,'2025-11-20','partial'),
(93,50000,50000,0,'2025-12-28','paid'),
(94,100000,40000,60000,'2025-10-08','pending'),
(95,50000,37500,12500,'2025-11-26','partial'),
(96,50000,50000,0,'2025-12-07','paid'),
(97,100000,40000,60000,'2025-10-03','pending'),
(98,50000,37500,12500,'2025-11-22','partial'),
(99,50000,50000,0,'2025-12-23','paid'),
(100,100000,40000,60000,'2025-10-26','pending'),
(101,50000,37500,12500,'2025-11-03','partial'),
(102,50000,50000,0,'2025-12-15','paid'),
(103,100000,40000,60000,'2025-10-14','pending'),
(104,50000,37500,12500,'2025-11-29','partial'),
(105,50000,50000,0,'2025-12-06','paid'),
(106,100000,40000,60000,'2025-10-20','pending'),
(107,50000,37500,12500,'2025-11-11','partial'),
(108,50000,50000,0,'2025-12-25','paid'),
(109,100000,40000,60000,'2025-10-09','pending'),
(110,50000,37500,12500,'2025-11-18','partial'),
(111,50000,50000,0,'2025-12-02','paid'),
(112,100000,40000,60000,'2025-10-23','pending'),
(113,50000,37500,12500,'2025-11-27','partial'),
(114,50000,50000,0,'2025-12-13','paid'),
(115,100000,40000,60000,'2025-10-05','pending'),
(116,50000,37500,12500,'2025-11-07','partial'),
(117,50000,50000,0,'2025-12-19','paid'),
(118,100000,40000,60000,'2025-10-28','pending'),
(119,50000,37500,12500,'2025-11-16','partial'),
(120,50000,50000,0,'2025-12-30','paid'),
(121,100000,40000,60000,'2025-10-02','pending'),
(122,50000,37500,12500,'2025-11-12','partial'),
(123,50000,50000,0,'2025-12-08','paid'),
(124,100000,40000,60000,'2025-10-18','pending'),
(125,50000,37500,12500,'2025-11-21','partial'),
(126,50000,50000,0,'2025-12-27','paid'),
(127,100000,40000,60000,'2025-10-07','pending'),
(128,50000,37500,12500,'2025-11-05','partial'),
(129,50000,50000,0,'2025-12-14','paid'),
(130,100000,40000,60000,'2025-10-24','pending'),
(131,50000,37500,12500,'2025-11-09','partial'),
(132,50000,50000,0,'2025-12-03','paid'),
(133,100000,40000,60000,'2025-10-11','pending'),
(134,50000,37500,12500,'2025-11-26','partial'),
(135,50000,50000,0,'2025-12-22','paid'),
(136,100000,40000,60000,'2025-10-29','pending'),
(137,50000,37500,12500,'2025-11-18','partial'),
(138,50000,50000,0,'2025-12-06','paid'),
(139,100000,40000,60000,'2025-10-16','pending'),
(140,50000,37500,12500,'2025-11-24','partial'),
(141,50000,50000,0,'2025-12-05','paid'),
(142,100000,40000,60000,'2025-10-06','pending'),
(143,50000,37500,12500,'2025-11-14','partial'),
(144,50000,50000,0,'2025-12-18','paid'),
(145,100000,40000,60000,'2025-10-22','pending'),
(146,50000,37500,12500,'2025-11-03','partial'),
(147,50000,50000,0,'2025-12-09','paid'),
(148,100000,40000,60000,'2025-10-27','pending'),
(149,50000,37500,12500,'2025-11-20','partial'),
(150,50000,50000,0,'2025-12-28','paid'),
(151,100000,40000,60000,'2025-10-01','pending'),
(152,50000,37500,12500,'2025-11-08','partial'),
(153,50000,50000,0,'2025-12-12','paid'),
(154,100000,40000,60000,'2025-10-19','pending'),
(155,50000,37500,12500,'2025-11-25','partial'),
(156,50000,50000,0,'2025-12-04','paid'),
(157,100000,40000,60000,'2025-10-15','pending'),
(158,50000,37500,12500,'2025-11-29','partial'),
(159,50000,50000,0,'2025-12-21','paid'),
(160,100000,40000,60000,'2025-10-10','pending'),
(161,50000,37500,12500,'2025-11-06','partial'),
(162,50000,50000,0,'2025-12-13','paid'),
(163,100000,40000,60000,'2025-10-04','pending'),
(164,50000,37500,12500,'2025-11-17','partial'),
(165,50000,50000,0,'2025-12-26','paid'),
(166,100000,40000,60000,'2025-10-28','pending'),
(167,50000,37500,12500,'2025-11-11','partial'),
(168,50000,50000,0,'2025-12-02','paid'),
(169,100000,40000,60000,'2025-10-20','pending'),
(170,50000,37500,12500,'2025-11-24','partial'),
(171,50000,50000,0,'2025-12-08','paid'),
(172,100000,40000,60000,'2025-10-07','pending'),
(173,50000,37500,12500,'2025-11-15','partial'),
(174,50000,50000,0,'2025-12-18','paid'),
(175,100000,40000,60000,'2025-10-23','pending'),
(176,50000,37500,12500,'2025-11-03','partial'),
(177,50000,50000,0,'2025-12-27','paid'),
(178,100000,40000,60000,'2025-10-14','pending'),
(179,50000,37500,12500,'2025-11-21','partial'),
(180,50000,50000,0,'2025-12-05','paid'),
(181,100000,40000,60000,'2025-10-12','pending'),
(182,50000,37500,12500,'2025-11-07','partial'),
(183,50000,50000,0,'2025-12-16','paid'),
(184,100000,40000,60000,'2025-10-25','pending'),
(185,50000,37500,12500,'2025-11-28','partial'),
(186,50000,50000,0,'2025-12-09','paid'),
(187,100000,40000,60000,'2025-10-03','pending'),
(188,50000,37500,12500,'2025-11-19','partial'),
(189,50000,50000,0,'2025-12-24','paid'),
(190,100000,40000,60000,'2025-10-18','pending'),
(191,50000,37500,12500,'2025-11-10','partial'),
(192,50000,50000,0,'2025-12-30','paid'),
(193,100000,40000,60000,'2025-10-06','pending'),
(194,50000,37500,12500,'2025-11-22','partial'),
(195,50000,50000,0,'2025-12-14','paid'),
(196,100000,40000,60000,'2025-10-21','pending'),
(197,50000,37500,12500,'2025-11-05','partial'),
(198,50000,50000,0,'2025-12-20','paid'),
(199,100000,40000,60000,'2025-10-27','pending'),
(200,50000,37500,12500,'2025-11-12','partial'),
(201,50000,50000,0,'2025-12-06','paid'),
(202,100000,40000,60000,'2025-10-09','pending'),
(203,50000,37500,12500,'2025-11-18','partial'),
(204,50000,50000,0,'2025-12-22','paid'),
(205,50000,50000,0,'2025-10-30','paid');

#inner join
select s.student_name, c.course_name, e.enrollment_date
from enrollments e
inner join student s 
on e.student_id = s.student_id
inner join courses c 
on e.course_id = c.course_id;

#left join
select s.student_name, c.course_name
from student s
left join enrollments e
on s.student_id = e.student_id
left join courses c
on e.course_id = c.course_id;

#right join
select c.course_name, s.student_name
from student s
right join enrollments e
on s.student_id = e.student_id
right join courses c
on e.course_id = c.course_id;

#index
create index idx_student_name
on student(student_name);

#view
create view student_course_view as
select s.student_name, c.course_name
from enrollments e
join student s on e.student_id = s.student_id
join courses c on e.course_id = c.course_id;

select * from student_course_view;

#subquery
select student_name
from student
where student_id in
(
    select student_id
    from enrollments
    where course_id in
    (
        select course_id
        from courses
        where department = 'cse'
    )
);

#group by
select department, count(*) as total_students
from student
group by department;

#having
select department, count(*) as total_students
from student
group by department
having count(*) > 25;

#and,or,not
select student_name
from student
where department = 'CSE'
and gender = 'female';

select student_name
from student
where department = 'CSE'
or department = 'ECE';

select student_name
from student
where not department = 'IT';


#agregte function
select count(*) 
from student;

select avg(salary)
from faculty;

select max(salary)
from faculty;

select min(salary)
from faculty;

select sum(credits)
from courses;

#like
select student_name
from student
where student_name like 'a%';

select student_name
from student
where student_name like '%a';

select student_name
from student
where student_name like '%a%';

#student will enroll more than one couse
select s.student_name, count(e.course_id) as total_courses
from enrollments e
join student s
on e.student_id = s.student_id
group by s.student_name
having count(e.course_id) > 1;

#studentname,grade
select r.grade,s.student_name
from student s 
straight_join results r
on r.student_id=s.student_id;

#marks obtained by the student
select student_name,marks_obtained
from results r
left join student s
on r.student_id=s.student_id
order by r.marks_obtained desc;

#student payment status
select student_id,paymet_status
from fees f
join student s
on f.student_id=s.student_id;

